timestamp,user_id,login_attempts,unique_ips,off_hours,failed_auths,data_volume_mb,session_duration_min,location,device_type,label,attempt_ip_ratio,failure_rate,risk_score,anomaly_flag,anomaly_score,is_anomaly,severity
2024-01-12 00:37:00,USR019,2,1,1,1,46.31,191.7,Bangalore,desktop,normal,1.0,0.3333333333333333,1.2999999999999998,1,0.08100176593905128,False,NORMAL
2024-01-27 03:05:00,USR040,1,1,1,0,47.38,103.7,Mumbai,desktop,normal,0.5,0.0,0.65,1,0.06570008875833244,False,NORMAL
2024-01-30 11:56:00,USR034,1,1,0,0,49.47,376.4,Pune,desktop,normal,0.5,0.0,0.5,1,0.04796943446794444,False,NORMAL
2024-01-05 23:03:00,USR022,1,1,1,0,2.05,341.1,Pune,laptop,normal,0.5,0.0,0.65,1,0.08442519228458262,False,NORMAL
2024-01-12 15:10:00,USR030,2,1,0,0,49.97,410.3,Mumbai,laptop,normal,1.0,0.0,0.8,1,0.040098337498205905,False,NORMAL
2024-01-28 06:50:00,USR040,2,1,0,0,21.62,315.5,Bangalore,desktop,normal,1.0,0.0,0.8,1,0.10096488956036648,False,NORMAL
2024-01-05 19:22:00,USR016,1,1,0,1,26.73,380.8,Bangalore,laptop,normal,0.5,0.5,0.8499999999999999,1,0.11203455797271922,False,NORMAL
2024-01-25 04:37:00,USR008,1,1,1,1,22.47,177.0,Bangalore,laptop,normal,0.5,0.5,0.9999999999999999,1,0.10137997588076447,False,NORMAL
2024-01-13 17:37:00,USR003,1,1,0,1,34.9,65.0,Pune,laptop,normal,0.5,0.5,0.8499999999999999,1,0.11950891360202726,False,NORMAL
2024-01-08 00:54:00,USR006,1,1,1,0,45.25,311.1,Pune,desktop,normal,0.5,0.0,0.65,1,0.0808643570830807,False,NORMAL
2024-01-18 11:56:00,USR001,2,1,0,1,46.33,377.9,Pune,desktop,normal,1.0,0.3333333333333333,1.15,1,0.08025951617569616,False,NORMAL
2024-01-12 00:34:00,USR032,1,1,1,1,27.75,180.2,Bangalore,laptop,normal,0.5,0.5,0.9999999999999999,1,0.10627103781685054,False,NORMAL
2024-01-28 07:57:00,USR017,2,1,0,0,4.44,269.3,Bangalore,desktop,normal,1.0,0.0,0.8,1,0.10645900459317975,False,NORMAL
2024-01-15 13:32:00,USR017,2,1,0,0,48.51,197.0,Bangalore,laptop,normal,1.0,0.0,0.8,1,0.07562048567849144,False,NORMAL
2024-01-19 05:26:00,USR032,1,1,1,1,34.19,87.1,Mumbai,laptop,normal,0.5,0.5,0.9999999999999999,1,0.0824874278331455,False,NORMAL
2024-01-30 08:39:00,USR037,1,1,0,1,7.12,359.0,Mumbai,desktop,normal,0.5,0.5,0.8499999999999999,1,0.09606713389208177,False,NORMAL
2024-01-06 02:17:00,USR041,1,1,1,0,1436.44,71.7,Pune,laptop,anomaly,0.5,0.0,0.65,-1,-0.03748016890061778,True,LOW
2024-01-28 20:08:00,USR033,1,1,0,1,44.99,95.3,Mumbai,desktop,normal,0.5,0.5,0.8499999999999999,1,0.09869447222985295,False,NORMAL
2024-01-26 06:26:00,USR033,1,1,0,0,13.47,263.0,Pune,laptop,normal,0.5,0.0,0.5,1,0.11660461191682686,False,NORMAL
2024-01-06 08:54:00,USR027,1,1,0,0,28.37,281.8,Mumbai,laptop,normal,0.5,0.0,0.5,1,0.1114541603538387,False,NORMAL
2024-01-26 20:09:00,USR048,17,12,0,16,6.0,22.5,Unknown,unknown,anomaly,1.3076923076923077,0.8888888888888888,13.1,-1,-0.12779713119176261,True,HIGH
2024-01-27 18:34:00,USR050,43,6,1,42,0.76,8.0,Unknown,unknown,anomaly,6.142857142857143,0.9545454545454546,28.95,-1,-0.16205097949384883,True,CRITICAL
2024-01-28 19:00:00,USR040,2,1,0,1,1.58,134.8,Pune,desktop,normal,1.0,0.3333333333333333,1.15,1,0.0877724410723138,False,NORMAL
2024-01-26 02:59:00,USR016,1,1,1,0,46.63,16.4,Bangalore,desktop,normal,0.5,0.0,0.65,1,0.0341852931654576,False,NORMAL
2024-01-04 11:44:00,USR015,2,1,0,0,21.31,263.7,Bangalore,laptop,normal,1.0,0.0,0.8,1,0.11520490735736943,False,NORMAL
2024-01-12 05:07:00,USR022,2,1,1,0,25.4,266.5,Pune,desktop,normal,1.0,0.0,0.9500000000000001,1,0.097220032088767,False,NORMAL
2024-01-03 15:57:00,USR041,43,6,1,42,0.76,8.0,Unknown,unknown,anomaly,6.142857142857143,0.9545454545454546,28.95,-1,-0.16205097949384883,True,CRITICAL
2024-01-19 14:27:00,USR024,1,1,0,1,2.65,271.9,Pune,desktop,normal,0.5,0.5,0.8499999999999999,1,0.10178449336388656,False,NORMAL
2024-01-09 05:13:00,USR006,2,1,1,0,24.93,282.0,Mumbai,desktop,normal,1.0,0.0,0.9500000000000001,1,0.09605547209311782,False,NORMAL
2024-01-30 10:46:00,USR010,1,1,0,0,30.55,83.0,Pune,laptop,normal,0.5,0.0,0.5,1,0.09937152796775717,False,NORMAL
2024-01-12 13:08:00,USR045,17,12,0,16,6.0,22.5,Unknown,unknown,anomaly,1.3076923076923077,0.8888888888888888,13.1,-1,-0.12779713119176261,True,HIGH
2024-01-06 20:31:00,USR038,2,1,0,1,48.17,154.4,Mumbai,laptop,normal,1.0,0.3333333333333333,1.15,1,0.10541786342039722,False,NORMAL
2024-01-04 05:18:00,USR003,2,1,1,1,22.85,252.1,Bangalore,desktop,normal,1.0,0.3333333333333333,1.2999999999999998,1,0.10467328677225846,False,NORMAL
2024-01-04 02:36:00,USR008,2,1,1,0,31.63,278.1,Bangalore,laptop,normal,1.0,0.0,0.9500000000000001,1,0.08698154232178645,False,NORMAL
2024-01-01 13:51:00,USR005,1,1,0,0,3.46,19.9,Pune,laptop,normal,0.5,0.0,0.5,1,0.0524184559004206,False,NORMAL
2024-01-05 07:34:00,USR007,1,1,0,1,18.44,147.1,Pune,laptop,normal,0.5,0.5,0.8499999999999999,1,0.12387683742297706,False,NORMAL
2024-01-26 20:36:00,USR007,2,1,0,1,43.91,130.5,Bangalore,desktop,normal,1.0,0.3333333333333333,1.15,1,0.11978496103887387,False,NORMAL
2024-01-22 23:48:00,USR008,1,1,1,1,24.64,279.1,Bangalore,laptop,normal,0.5,0.5,0.9999999999999999,1,0.10528224889219889,False,NORMAL
2024-01-11 00:59:00,USR038,2,1,1,0,2.62,240.1,Bangalore,desktop,normal,1.0,0.0,0.9500000000000001,1,0.08991996970935473,False,NORMAL
2024-01-22 22:01:00,USR032,2,1,1,0,4.74,110.3,Bangalore,laptop,normal,1.0,0.0,0.9500000000000001,1,0.0829576477170168,False,NORMAL
2024-01-19 06:05:00,USR038,1,1,0,1,15.16,69.8,Mumbai,desktop,normal,0.5,0.5,0.8499999999999999,1,0.10836605843020164,False,NORMAL
2024-01-15 21:28:00,USR013,1,1,1,1,11.75,373.4,Mumbai,desktop,normal,0.5,0.5,0.9999999999999999,1,0.0763113377272453,False,NORMAL
2024-01-16 23:09:00,USR043,43,6,1,42,0.76,8.0,Unknown,unknown,anomaly,6.142857142857143,0.9545454545454546,28.95,-1,-0.16205097949384883,True,CRITICAL
2024-01-08 20:01:00,USR029,2,1,0,1,2.21,418.3,Pune,desktop,normal,1.0,0.3333333333333333,1.15,1,0.0418346647555039,False,NORMAL
2024-01-09 23:32:00,USR027,2,1,1,0,30.81,148.0,Bangalore,laptop,normal,1.0,0.0,0.9500000000000001,1,0.0782123642609559,False,NORMAL
2024-01-13 08:08:00,USR010,1,1,0,0,8.38,151.1,Bangalore,desktop,normal,0.5,0.0,0.5,1,0.11752971082937319,False,NORMAL
2024-01-25 19:03:00,USR013,2,1,0,1,49.76,313.7,Pune,desktop,normal,1.0,0.3333333333333333,1.15,1,0.07392939275608168,False,NORMAL
2024-01-15 12:32:00,USR004,1,1,0,1,25.19,410.0,Mumbai,laptop,normal,0.5,0.5,0.8499999999999999,1,0.09579257398079166,False,NORMAL
2024-01-24 18:09:00,USR024,1,1,0,0,3.37,342.0,Pune,laptop,normal,0.5,0.0,0.5,1,0.08118758812065552,False,NORMAL
2024-01-04 16:11:00,USR010,1,1,0,1,29.17,75.3,Mumbai,laptop,normal,0.5,0.5,0.8499999999999999,1,0.12029247448658403,False,NORMAL
2024-01-25 00:47:00,USR025,2,1,1,1,14.94,284.5,Pune,desktop,normal,1.0,0.3333333333333333,1.2999999999999998,1,0.09108358465079963,False,NORMAL
2024-01-18 20:19:00,USR022,1,1,0,1,34.63,179.5,Bangalore,desktop,normal,0.5,0.5,0.8499999999999999,1,0.1272301995881806,False,NORMAL
2024-01-22 20:01:00,USR005,1,1,0,0,4.75,50.9,Bangalore,desktop,normal,0.5,0.0,0.5,1,0.07432603040185848,False,NORMAL
2024-01-27 06:48:00,USR039,2,1,0,0,8.69,196.4,Bangalore,desktop,normal,1.0,0.0,0.8,1,0.11041216402125609,False,NORMAL
2024-01-14 21:37:00,USR011,1,1,1,1,25.49,62.6,Mumbai,laptop,normal,0.5,0.5,0.9999999999999999,1,0.07245980372893479,False,NORMAL
2024-01-27 10:55:00,USR025,2,1,0,0,3.89,333.0,Bangalore,laptop,normal,1.0,0.0,0.8,1,0.08679381029270022,False,NORMAL
2024-01-25 09:33:00,USR033,1,1,0,1,17.62,460.2,Bangalore,laptop,normal,0.5,0.5,0.8499999999999999,1,0.06868766793023662,False,NORMAL
2024-01-26 11:46:00,USR020,1,1,0,0,13.3,427.6,Bangalore,laptop,normal,0.5,0.0,0.5,1,0.08352306870721232,False,NORMAL
2024-01-20 03:58:00,USR031,2,1,1,0,17.08,73.2,Bangalore,desktop,normal,1.0,0.0,0.9500000000000001,1,0.07492128969937895,False,NORMAL
2024-01-21 05:40:00,USR008,2,1,1,1,35.02,452.8,Bangalore,desktop,normal,1.0,0.3333333333333333,1.2999999999999998,1,0.042562973271179305,False,NORMAL
2024-01-01 19:56:00,USR049,43,6,1,42,0.76,8.0,Unknown,unknown,anomaly,6.142857142857143,0.9545454545454546,28.95,-1,-0.16205097949384883,True,CRITICAL
2024-01-19 07:13:00,USR016,2,1,0,1,19.1,258.5,Pune,desktop,normal,1.0,0.3333333333333333,1.15,1,0.1266567101500477,False,NORMAL
2024-01-23 12:37:00,USR010,2,1,0,1,18.82,40.9,Mumbai,desktop,normal,1.0,0.3333333333333333,1.15,1,0.12035362594923604,False,NORMAL
2024-01-10 09:25:00,USR044,1,1,1,0,1436.44,71.7,Pune,laptop,anomaly,0.5,0.0,0.65,-1,-0.03748016890061778,True,LOW
2024-01-21 04:08:00,USR006,1,1,1,1,36.75,291.8,Mumbai,laptop,normal,0.5,0.5,0.9999999999999999,1,0.09545418904178654,False,NORMAL
2024-01-06 02:25:00,USR028,1,1,1,0,40.23,335.6,Pune,laptop,normal,0.5,0.0,0.65,1,0.08631642462103783,False,NORMAL
2024-01-13 06:29:00,USR030,1,1,0,0,40.68,420.2,Pune,desktop,normal,0.5,0.0,0.5,1,0.07694177520324597,False,NORMAL
2024-01-27 10:48:00,USR025,2,1,0,0,47.14,146.8,Pune,desktop,normal,1.0,0.0,0.8,1,0.07277981645780796,False,NORMAL
2024-01-12 00:06:00,USR004,1,1,1,1,15.41,197.6,Bangalore,desktop,normal,0.5,0.5,0.9999999999999999,1,0.09556156429369089,False,NORMAL
2024-01-20 02:13:00,USR032,2,1,1,1,27.35,53.2,Pune,laptop,normal,1.0,0.3333333333333333,1.2999999999999998,1,0.07886635498257766,False,NORMAL
2024-01-11 11:13:00,USR021,1,1,0,1,45.8,157.0,Mumbai,desktop,normal,0.5,0.5,0.8499999999999999,1,0.09489064115162466,False,NORMAL
2024-01-02 00:13:00,USR038,1,1,1,0,13.18,23.9,Mumbai,desktop,normal,0.5,0.0,0.65,1,0.04711477765363292,False,NORMAL
2024-01-09 09:54:00,USR021,1,1,0,0,29.39,362.3,Bangalore,desktop,normal,0.5,0.0,0.5,1,0.10235638695206856,False,NORMAL
2024-01-16 08:52:00,USR040,2,1,0,1,22.07,209.5,Bangalore,laptop,normal,1.0,0.3333333333333333,1.15,1,0.13263260975540503,False,NORMAL
2024-01-21 08:05:00,USR035,1,1,0,1,5.21,399.3,Mumbai,desktop,normal,0.5,0.5,0.8499999999999999,1,0.08059316499967095,False,NORMAL
2024-01-02 06:40:00,USR022,1,1,0,0,46.5,356.7,Bangalore,laptop,normal,0.5,0.0,0.5,1,0.06230656796754752,False,NORMAL
2024-01-25 02:17:00,USR003,1,1,1,0,38.24,200.9,Bangalore,laptop,normal,0.5,0.0,0.65,1,0.09774372100043988,False,NORMAL
2024-01-01 19:23:00,USR037,2,1,0,1,23.99,166.8,Mumbai,desktop,normal,1.0,0.3333333333333333,1.15,1,0.13470961943070325,False,NORMAL
2024-01-23 00:22:00,USR027,1,1,1,0,6.71,350.0,Mumbai,laptop,normal,0.5,0.0,0.65,1,0.09059469592848607,False,NORMAL
2024-01-03 17:16:00,USR015,2,1,0,1,28.05,299.4,Pune,desktop,normal,1.0,0.3333333333333333,1.15,1,0.11919962844333148,False,NORMAL
2024-01-21 17:13:00,USR037,1,1,0,1,30.29,243.1,Mumbai,desktop,normal,0.5,0.5,0.8499999999999999,1,0.12348186168958858,False,NORMAL
2024-01-22 15:22:00,USR023,2,1,0,1,16.12,54.7,Mumbai,desktop,normal,1.0,0.3333333333333333,1.15,1,0.12566721090775407,False,NORMAL
2024-01-14 15:18:00,USR048,1,1,1,0,1436.44,71.7,Pune,laptop,anomaly,0.5,0.0,0.65,-1,-0.03748016890061778,True,LOW
2024-01-06 07:26:00,USR019,1,1,0,1,6.18,118.3,Bangalore,desktop,normal,0.5,0.5,0.8499999999999999,1,0.10161245716721029,False,NORMAL
2024-01-14 10:01:00,USR037,2,1,0,0,6.87,361.3,Pune,laptop,normal,1.0,0.0,0.8,1,0.07700281021820832,False,NORMAL
2024-01-26 08:07:00,USR010,2,1,0,0,46.1,246.4,Mumbai,laptop,normal,1.0,0.0,0.8,1,0.08008209934886623,False,NORMAL
2024-01-25 23:08:00,USR031,2,1,1,0,37.69,95.8,Pune,laptop,normal,1.0,0.0,0.9500000000000001,1,0.06098989941105826,False,NORMAL
2024-01-28 18:47:00,USR006,1,1,0,1,10.65,396.4,Bangalore,desktop,normal,0.5,0.5,0.8499999999999999,1,0.10352833333511258,False,NORMAL
2024-01-23 09:34:00,USR035,1,1,0,0,24.53,71.6,Pune,desktop,normal,0.5,0.0,0.5,1,0.09079641859114551,False,NORMAL
2024-01-04 18:02:00,USR020,1,1,0,0,28.38,408.5,Bangalore,desktop,normal,0.5,0.0,0.5,1,0.09374146211537404,False,NORMAL
2024-01-09 05:45:00,USR032,1,1,1,0,2.9,290.8,Mumbai,desktop,normal,0.5,0.0,0.65,1,0.09477485440792388,False,NORMAL
2024-01-28 20:05:00,USR046,17,12,0,16,6.0,22.5,Unknown,unknown,anomaly,1.3076923076923077,0.8888888888888888,13.1,-1,-0.12779713119176261,True,HIGH
2024-01-15 17:24:00,USR029,2,1,0,0,3.83,101.3,Bangalore,laptop,normal,1.0,0.0,0.8,1,0.09500076136693436,False,NORMAL
2024-01-24 17:11:00,USR018,2,1,0,1,47.52,160.5,Mumbai,laptop,normal,1.0,0.3333333333333333,1.15,1,0.11131526637549655,False,NORMAL
2024-01-31 00:49:00,USR006,1,1,1,1,11.24,418.9,Pune,desktop,normal,0.5,0.5,0.9999999999999999,1,0.0564633780131405,False,NORMAL
2024-01-08 20:22:00,USR024,1,1,0,1,36.67,61.1,Mumbai,desktop,normal,0.5,0.5,0.8499999999999999,1,0.11836427834578972,False,NORMAL
2024-01-29 17:06:00,USR029,1,1,0,0,13.43,67.2,Pune,desktop,normal,0.5,0.0,0.5,1,0.09200965042931036,False,NORMAL
2024-01-28 06:36:00,USR031,2,1,0,0,11.65,340.8,Bangalore,desktop,normal,1.0,0.0,0.8,1,0.08817935795670967,False,NORMAL
2024-01-18 05:31:00,USR001,2,1,1,0,0.99,7.0,Bangalore,laptop,normal,1.0,0.0,0.9500000000000001,1,0.024862938853328687,False,NORMAL
2024-01-22 01:24:00,USR021,1,1,1,0,22.97,479.3,Mumbai,laptop,normal,0.5,0.0,0.65,1,0.031536263766254735,False,NORMAL
2024-01-01 09:47:00,USR002,2,1,0,1,33.71,263.6,Bangalore,desktop,normal,1.0,0.3333333333333333,1.15,1,0.11972983441774065,False,NORMAL
2024-01-22 17:47:00,USR013,1,1,0,1,26.54,201.2,Mumbai,laptop,normal,0.5,0.5,0.8499999999999999,1,0.12962335837977257,False,NORMAL
2024-01-13 15:28:00,USR019,1,1,0,1,10.26,306.3,Pune,desktop,normal,0.5,0.5,0.8499999999999999,1,0.11687129880122993,False,NORMAL
2024-01-13 20:54:00,USR009,1,1,0,0,7.4,158.0,Mumbai,desktop,normal,0.5,0.0,0.5,1,0.11630676696938996,False,NORMAL
2024-01-01 14:48:00,USR022,1,1,0,1,34.73,231.9,Mumbai,desktop,normal,0.5,0.5,0.8499999999999999,1,0.12327174352064063,False,NORMAL
2024-01-05 21:18:00,USR020,1,1,1,0,17.43,208.5,Pune,laptop,normal,0.5,0.0,0.65,1,0.11434885486237634,False,NORMAL
2024-01-16 22:47:00,USR002,2,1,1,0,14.84,442.3,Mumbai,laptop,normal,1.0,0.0,0.9500000000000001,1,0.03384280907180204,False,NORMAL
2024-01-26 07:07:00,USR011,2,1,0,1,23.92,99.7,Pune,desktop,normal,1.0,0.3333333333333333,1.15,1,0.13032393746717796,False,NORMAL
2024-01-10 23:06:00,USR031,1,1,1,0,29.72,251.7,Pune,laptop,normal,0.5,0.0,0.65,1,0.10624540159636409,False,NORMAL
2024-01-07 04:07:00,USR036,1,1,1,1,33.53,200.1,Bangalore,desktop,normal,0.5,0.5,0.9999999999999999,1,0.10272243348310839,False,NORMAL
2024-01-05 10:13:00,USR034,1,1,0,1,21.05,166.9,Pune,desktop,normal,0.5,0.5,0.8499999999999999,1,0.12517617162841393,False,NORMAL
2024-01-20 12:54:00,USR025,2,1,0,1,12.67,226.7,Bangalore,desktop,normal,1.0,0.3333333333333333,1.15,1,0.12030071616843102,False,NORMAL
2024-01-29 20:01:00,USR010,2,1,0,1,43.01,46.2,Mumbai,laptop,normal,1.0,0.3333333333333333,1.15,1,0.11342609379749008,False,NORMAL
2024-01-02 09:04:00,USR012,2,1,0,1,40.13,415.4,Mumbai,desktop,normal,1.0,0.3333333333333333,1.15,1,0.08864775717138751,False,NORMAL
2024-01-05 09:16:00,USR039,2,1,0,0,32.76,221.7,Pune,desktop,normal,1.0,0.0,0.8,1,0.1011763740279662,False,NORMAL
2024-01-11 15:11:00,USR023,2,1,0,1,9.37,283.3,Pune,laptop,normal,1.0,0.3333333333333333,1.15,1,0.10017915950510359,False,NORMAL
2024-01-18 07:00:00,USR025,2,1,0,1,18.84,329.3,Bangalore,laptop,normal,1.0,0.3333333333333333,1.15,1,0.11226188261593023,False,NORMAL
2024-01-21 13:57:00,USR018,2,1,0,1,29.16,277.1,Pune,desktop,normal,1.0,0.3333333333333333,1.15,1,0.12113121915807035,False,NORMAL
2024-01-23 12:29:00,USR040,2,1,0,1,1.73,181.0,Pune,desktop,normal,1.0,0.3333333333333333,1.15,1,0.0860772127595466,False,NORMAL
2024-01-13 01:06:00,USR016,2,1,1,1,31.37,135.4,Mumbai,desktop,normal,1.0,0.3333333333333333,1.2999999999999998,1,0.09498694452857243,False,NORMAL
2024-01-20 01:03:00,USR014,2,1,1,1,43.65,354.5,Mumbai,laptop,normal,1.0,0.3333333333333333,1.2999999999999998,1,0.06159429221162804,False,NORMAL
2024-01-18 05:44:00,USR017,1,1,1,1,39.45,168.8,Bangalore,laptop,normal,0.5,0.5,0.9999999999999999,1,0.08101544212656098,False,NORMAL
2024-01-03 22:50:00,USR037,2,1,1,1,29.88,85.0,Bangalore,desktop,normal,1.0,0.3333333333333333,1.2999999999999998,1,0.08526368260593548,False,NORMAL
2024-01-14 07:33:00,USR005,1,1,0,1,23.19,268.3,Bangalore,laptop,normal,0.5,0.5,0.8499999999999999,1,0.12145316854145377,False,NORMAL
2024-01-20 06:26:00,USR012,1,1,0,1,39.42,93.5,Bangalore,desktop,normal,0.5,0.5,0.8499999999999999,1,0.11747973219754687,False,NORMAL
2024-01-07 11:56:00,USR007,1,1,0,0,2.63,435.0,Mumbai,laptop,normal,0.5,0.0,0.5,1,0.06273665121940997,False,NORMAL
2024-01-02 18:07:00,USR030,1,1,0,1,35.26,135.1,Pune,desktop,normal,0.5,0.5,0.8499999999999999,1,0.12580945008530042,False,NORMAL
2024-01-23 05:30:00,USR016,2,1,1,1,22.73,332.1,Mumbai,desktop,normal,1.0,0.3333333333333333,1.2999999999999998,1,0.08850228462683168,False,NORMAL
2024-01-22 02:18:00,USR002,1,1,1,1,42.38,207.5,Mumbai,desktop,normal,0.5,0.5,0.9999999999999999,1,0.07369820073597266,False,NORMAL
2024-01-08 11:38:00,USR018,1,1,0,1,12.59,181.6,Bangalore,laptop,normal,0.5,0.5,0.8499999999999999,1,0.12816624688688016,False,NORMAL
2024-01-01 07:50:00,USR034,1,1,0,1,21.62,455.7,Pune,desktop,normal,0.5,0.5,0.8499999999999999,1,0.06896771664377432,False,NORMAL
2024-01-27 20:29:00,USR025,2,1,0,0,33.77,229.0,Bangalore,desktop,normal,1.0,0.0,0.8,1,0.10161335700965995,False,NORMAL
2024-01-07 02:13:00,USR042,43,6,1,42,0.76,8.0,Unknown,unknown,anomaly,6.142857142857143,0.9545454545454546,28.95,-1,-0.16205097949384883,True,CRITICAL
2024-01-02 00:43:00,USR033,2,1,1,0,5.44,50.7,Mumbai,laptop,normal,1.0,0.0,0.9500000000000001,1,0.06483419108107114,False,NORMAL
2024-01-16 23:01:00,USR028,1,1,1,1,33.94,286.7,Bangalore,desktop,normal,0.5,0.5,0.9999999999999999,1,0.10398149403296991,False,NORMAL
2024-01-24 06:38:00,USR022,1,1,0,1,41.13,55.1,Pune,desktop,normal,0.5,0.5,0.8499999999999999,1,0.10893087131947843,False,NORMAL
2024-01-09 02:35:00,USR029,1,1,1,1,33.43,342.0,Bangalore,desktop,normal,0.5,0.5,0.9999999999999999,1,0.09291726034542641,False,NORMAL
2024-01-26 17:32:00,USR027,1,1,0,0,43.24,468.7,Mumbai,desktop,normal,0.5,0.0,0.5,1,0.0310390543396456,False,NORMAL
2024-01-14 05:16:00,USR011,2,1,1,1,30.62,473.9,Bangalore,laptop,normal,1.0,0.3333333333333333,1.2999999999999998,1,0.03132334926931324,False,NORMAL
2024-01-01 23:42:00,USR017,2,1,1,1,7.71,161.7,Pune,laptop,normal,1.0,0.3333333333333333,1.2999999999999998,1,0.08214870014426817,False,NORMAL
2024-01-06 16:35:00,USR035,1,1,0,0,10.9,235.0,Bangalore,desktop,normal,0.5,0.0,0.5,1,0.11922328326075093,False,NORMAL
2024-01-23 22:46:00,USR020,2,1,1,0,4.59,191.8,Pune,laptop,normal,1.0,0.0,0.9500000000000001,1,0.09567175496697422,False,NORMAL
2024-01-20 00:49:00,USR050,43,6,1,42,0.76,8.0,Unknown,unknown,anomaly,6.142857142857143,0.9545454545454546,28.95,-1,-0.16205097949384883,True,CRITICAL
2024-01-22 18:36:00,USR025,2,1,0,0,24.82,22.6,Bangalore,desktop,normal,1.0,0.0,0.8,1,0.06359670412667573,False,NORMAL
2024-01-07 15:03:00,USR033,2,1,0,0,40.81,352.5,Pune,desktop,normal,1.0,0.0,0.8,1,0.07816891959647243,False,NORMAL
2024-01-23 23:22:00,USR036,2,1,1,1,38.19,237.1,Bangalore,desktop,normal,1.0,0.3333333333333333,1.2999999999999998,1,0.10392294191707996,False,NORMAL
2024-01-15 06:42:00,USR024,1,1,0,1,10.58,123.5,Mumbai,desktop,normal,0.5,0.5,0.8499999999999999,1,0.11709957910061114,False,NORMAL
2024-01-25 12:19:00,USR022,2,1,0,1,30.54,96.3,Mumbai,desktop,normal,1.0,0.3333333333333333,1.15,1,0.12868078538387584,False,NORMAL
2024-01-10 21:21:00,USR013,1,1,1,1,45.73,335.4,Bangalore,laptop,normal,0.5,0.5,0.9999999999999999,1,0.05896477209913553,False,NORMAL
2024-01-31 02:39:00,USR020,1,1,1,0,25.91,119.1,Mumbai,desktop,normal,0.5,0.0,0.65,1,0.09190841515382231,False,NORMAL
2024-01-19 23:01:00,USR030,1,1,1,0,3.12,350.9,Mumbai,laptop,normal,0.5,0.0,0.65,1,0.0850454361642996,False,NORMAL
2024-01-18 22:30:00,USR030,2,1,1,1,29.41,350.1,Pune,laptop,normal,1.0,0.3333333333333333,1.2999999999999998,1,0.08557790392192699,False,NORMAL
2024-01-04 02:00:00,USR014,2,1,1,1,45.25,282.4,Bangalore,laptop,normal,1.0,0.3333333333333333,1.2999999999999998,1,0.07963068234445525,False,NORMAL
2024-01-25 17:14:00,USR014,2,1,0,0,46.67,423.4,Mumbai,desktop,normal,1.0,0.0,0.8,1,0.04220107224816161,False,NORMAL
2024-01-11 22:40:00,USR006,2,1,1,1,40.08,217.8,Pune,desktop,normal,1.0,0.3333333333333333,1.2999999999999998,1,0.09997653458951666,False,NORMAL
2024-01-30 04:37:00,USR001,2,1,1,0,37.97,183.7,Bangalore,desktop,normal,1.0,0.0,0.9500000000000001,1,0.07193684640135167,False,NORMAL
2024-01-24 15:35:00,USR016,2,1,0,1,10.79,67.8,Bangalore,desktop,normal,1.0,0.3333333333333333,1.15,1,0.12340594649154318,False,NORMAL
2024-01-28 09:59:00,USR031,2,1,0,0,36.1,282.2,Mumbai,desktop,normal,1.0,0.0,0.8,1,0.10204555627387646,False,NORMAL
2024-01-10 00:30:00,USR009,1,1,1,1,4.01,329.5,Mumbai,laptop,normal,0.5,0.5,0.9999999999999999,1,0.06733404398185683,False,NORMAL
2024-01-21 18:23:00,USR016,2,1,0,1,16.89,239.8,Pune,laptop,normal,1.0,0.3333333333333333,1.15,1,0.12714486255864665,False,NORMAL
2024-01-08 17:43:00,USR017,2,1,0,1,37.35,165.9,Mumbai,desktop,normal,1.0,0.3333333333333333,1.15,1,0.12856872023750865,False,NORMAL
2024-01-02 17:12:00,USR029,2,1,0,1,43.12,46.3,Mumbai,laptop,normal,1.0,0.3333333333333333,1.15,1,0.11283951665601716,False,NORMAL
2024-01-18 22:05:00,USR003,1,1,1,1,36.35,110.6,Bangalore,desktop,normal,0.5,0.5,0.9999999999999999,1,0.07942216428737447,False,NORMAL
2024-01-27 16:09:00,USR017,1,1,0,0,29.87,169.2,Pune,desktop,normal,0.5,0.0,0.5,1,0.11850313643319388,False,NORMAL
2024-01-30 01:56:00,USR028,2,1,1,1,48.27,187.1,Mumbai,laptop,normal,1.0,0.3333333333333333,1.2999999999999998,1,0.06880592739250091,False,NORMAL
2024-01-18 21:09:00,USR050,1,1,1,0,1436.44,71.7,Pune,laptop,anomaly,0.5,0.0,0.65,-1,-0.03748016890061778,True,LOW
2024-01-08 11:53:00,USR007,2,1,0,0,42.94,110.7,Pune,desktop,normal,1.0,0.0,0.8,1,0.07384628255206138,False,NORMAL
2024-01-21 10:01:00,USR036,1,1,0,0,32.64,261.8,Mumbai,laptop,normal,0.5,0.0,0.5,1,0.1087177827483366,False,NORMAL
2024-01-30 16:54:00,USR011,2,1,0,1,44.74,458.7,Pune,laptop,normal,1.0,0.3333333333333333,1.15,1,0.04866698521947255,False,NORMAL
2024-01-15 07:26:00,USR029,1,1,0,1,36.64,47.8,Pune,desktop,normal,0.5,0.5,0.8499999999999999,1,0.11345628274421288,False,NORMAL
2024-01-11 11:22:00,USR013,1,1,0,0,2.41,472.4,Bangalore,laptop,normal,0.5,0.0,0.5,1,0.02931376767458127,False,NORMAL
2024-01-29 23:05:00,USR022,1,1,1,1,4.82,327.2,Pune,desktop,normal,0.5,0.5,0.9999999999999999,1,0.06985057860027066,False,NORMAL
2024-01-06 12:03:00,USR046,1,1,1,0,1436.44,71.7,Pune,laptop,anomaly,0.5,0.0,0.65,-1,-0.03748016890061778,True,LOW
2024-01-11 23:53:00,USR024,1,1,1,1,27.27,469.5,Pune,laptop,normal,0.5,0.5,0.9999999999999999,1,0.044409608718856464,False,NORMAL
2024-01-29 00:22:00,USR015,1,1,1,1,45.48,148.5,Pune,laptop,normal,0.5,0.5,0.9999999999999999,1,0.061912769291048164,False,NORMAL
2024-01-25 01:47:00,USR024,1,1,1,0,19.58,228.3,Bangalore,desktop,normal,0.5,0.0,0.65,1,0.11624341966546986,False,NORMAL
2024-01-23 22:55:00,USR027,2,1,1,0,4.48,186.9,Pune,laptop,normal,1.0,0.0,0.9500000000000001,1,0.09492275125050154,False,NORMAL
2024-01-31 02:14:00,USR022,2,1,1,0,39.99,212.6,Pune,desktop,normal,1.0,0.0,0.9500000000000001,1,0.075500276511836,False,NORMAL
2024-01-02 02:28:00,USR030,1,1,1,1,28.83,277.4,Bangalore,desktop,normal,0.5,0.5,0.9999999999999999,1,0.10572048858214567,False,NORMAL
2024-01-27 18:03:00,USR038,2,1,0,0,1.19,35.6,Bangalore,desktop,normal,1.0,0.0,0.8,1,0.05889376812596725,False,NORMAL
2024-01-17 04:49:00,USR017,1,1,1,0,2.5,213.2,Pune,laptop,normal,0.5,0.0,0.65,1,0.09670871589735891,False,NORMAL
2024-01-29 02:24:00,USR006,1,1,1,1,19.97,345.5,Pune,desktop,normal,0.5,0.5,0.9999999999999999,1,0.09100876860649915,False,NORMAL
2024-01-24 02:25:00,USR037,1,1,1,0,47.47,218.3,Mumbai,laptop,normal,0.5,0.0,0.65,1,0.08117644373451643,False,NORMAL
2024-01-05 00:18:00,USR032,2,1,1,1,28.34,412.5,Mumbai,laptop,normal,1.0,0.3333333333333333,1.2999999999999998,1,0.06880981726322322,False,NORMAL
2024-01-18 05:00:00,USR022,1,1,1,0,20.1,462.1,Pune,desktop,normal,0.5,0.0,0.65,1,0.045408451803039984,False,NORMAL
2024-01-03 07:36:00,USR015,2,1,0,0,0.48,148.2,Mumbai,laptop,normal,1.0,0.0,0.8,1,0.08529540067808083,False,NORMAL
2024-01-28 16:58:00,USR003,1,1,0,1,7.5,342.8,Pune,desktop,normal,0.5,0.5,0.8499999999999999,1,0.09859445422458407,False,NORMAL
2024-01-05 19:48:00,USR013,2,1,0,0,18.11,148.6,Bangalore,laptop,normal,1.0,0.0,0.8,1,0.10941021342984991,False,NORMAL
2024-01-14 06:06:00,USR035,1,1,0,0,21.6,424.2,Bangalore,desktop,normal,0.5,0.0,0.5,1,0.08473932963009106,False,NORMAL
2024-01-21 03:50:00,USR006,1,1,1,1,44.24,447.0,Pune,laptop,normal,0.5,0.5,0.9999999999999999,1,0.02796646843555506,False,NORMAL
2024-01-14 06:18:00,USR047,17,12,0,16,6.0,22.5,Unknown,unknown,anomaly,1.3076923076923077,0.8888888888888888,13.1,-1,-0.12779713119176261,True,HIGH
2024-01-26 00:45:00,USR032,2,1,1,1,19.48,90.4,Pune,laptop,normal,1.0,0.3333333333333333,1.2999999999999998,1,0.08405560543850621,False,NORMAL
2024-01-09 15:56:00,USR024,2,1,0,1,9.41,26.2,Pune,desktop,normal,1.0,0.3333333333333333,1.15,1,0.09482675352227993,False,NORMAL
2024-01-09 23:38:00,USR040,2,1,1,1,13.44,193.5,Pune,desktop,normal,1.0,0.3333333333333333,1.2999999999999998,1,0.0971438115690218,False,NORMAL
2024-01-20 03:50:00,USR012,1,1,1,0,39.35,421.3,Pune,desktop,normal,0.5,0.0,0.65,1,0.056789266854537,False,NORMAL
2024-01-30 23:50:00,USR023,1,1,1,0,49.64,191.7,Mumbai,laptop,normal,0.5,0.0,0.65,1,0.07502154721379728,False,NORMAL
2024-01-14 10:13:00,USR008,2,1,0,0,48.31,86.6,Bangalore,desktop,normal,1.0,0.0,0.8,1,0.06149720518130808,False,NORMAL
2024-01-08 00:18:00,USR029,2,1,1,1,16.69,367.4,Pune,desktop,normal,1.0,0.3333333333333333,1.2999999999999998,1,0.07643402334531435,False,NORMAL
2024-01-28 03:59:00,USR004,2,1,1,0,15.59,219.7,Mumbai,desktop,normal,1.0,0.0,0.9500000000000001,1,0.09840903839000081,False,NORMAL
2024-01-26 13:14:00,USR036,1,1,0,0,23.16,386.9,Mumbai,laptop,normal,0.5,0.0,0.5,1,0.0932236618263253,False,NORMAL
2024-01-26 04:13:00,USR034,2,1,1,0,2.38,83.0,Mumbai,desktop,normal,1.0,0.0,0.9500000000000001,1,0.06952980018872756,False,NORMAL
2024-01-19 23:37:00,USR032,2,1,1,1,40.7,266.3,Pune,laptop,normal,1.0,0.3333333333333333,1.2999999999999998,1,0.09715560983267274,False,NORMAL
2024-01-12 19:56:00,USR001,1,1,0,0,2.36,168.7,Mumbai,laptop,normal,0.5,0.0,0.5,1,0.10680590184130401,False,NORMAL
2024-01-27 05:03:00,USR029,2,1,1,1,38.93,243.9,Pune,laptop,normal,1.0,0.3333333333333333,1.2999999999999998,1,0.10369078693035011,False,NORMAL
2024-01-21 04:03:00,USR003,2,1,1,1,33.85,117.8,Pune,desktop,normal,1.0,0.3333333333333333,1.2999999999999998,1,0.08992702948306036,False,NORMAL
2024-01-16 23:56:00,USR034,2,1,1,0,12.61,306.7,Bangalore,desktop,normal,1.0,0.0,0.9500000000000001,1,0.0849614572394714,False,NORMAL
2024-01-03 15:20:00,USR007,2,1,0,1,35.9,52.8,Mumbai,laptop,normal,1.0,0.3333333333333333,1.15,1,0.11584614284446881,False,NORMAL
2024-01-04 22:40:00,USR011,1,1,1,0,27.64,79.4,Pune,desktop,normal,0.5,0.0,0.65,1,0.0848041008076093,False,NORMAL
2024-01-07 07:40:00,USR043,17,12,0,16,6.0,22.5,Unknown,unknown,anomaly,1.3076923076923077,0.8888888888888888,13.1,-1,-0.12779713119176261,True,HIGH
2024-01-05 23:32:00,USR014,1,1,1,1,24.65,33.5,Mumbai,desktop,normal,0.5,0.5,0.9999999999999999,1,0.05422724147298719,False,NORMAL
2024-01-11 16:51:00,USR016,2,1,0,1,7.84,94.5,Bangalore,laptop,normal,1.0,0.3333333333333333,1.15,1,0.10945330945865911,False,NORMAL
2024-01-19 08:52:00,USR018,1,1,0,0,47.46,396.5,Mumbai,laptop,normal,0.5,0.0,0.5,1,0.05935465161242337,False,NORMAL
2024-01-14 18:53:00,USR040,1,1,0,0,15.73,118.3,Mumbai,laptop,normal,0.5,0.0,0.5,1,0.1145563786161935,False,NORMAL
2024-01-01 17:31:00,USR007,2,1,0,0,25.58,251.4,Bangalore,laptop,normal,1.0,0.0,0.8,1,0.11203961123263961,False,NORMAL
2024-01-29 17:45:00,USR028,2,1,0,0,48.62,452.3,Bangalore,desktop,normal,1.0,0.0,0.8,1,0.0240034515255092,False,NORMAL
2024-01-04 09:17:00,USR030,2,1,0,1,16.43,267.7,Mumbai,desktop,normal,1.0,0.3333333333333333,1.15,1,0.12175230330749548,False,NORMAL
2024-01-06 12:09:00,USR020,2,1,0,1,24.51,319.0,Mumbai,desktop,normal,1.0,0.3333333333333333,1.15,1,0.1176619058829163,False,NORMAL
2024-01-19 04:56:00,USR023,1,1,1,1,2.2,458.8,Mumbai,desktop,normal,0.5,0.5,0.9999999999999999,1,0.01914853231949476,False,NORMAL
2024-01-06 16:25:00,USR033,1,1,0,0,11.24,250.0,Mumbai,desktop,normal,0.5,0.0,0.5,1,0.1198746711308622,False,NORMAL
2024-01-30 18:06:00,USR017,1,1,0,0,36.86,380.6,Bangalore,laptop,normal,0.5,0.0,0.5,1,0.09435481447393712,False,NORMAL
2024-01-01 06:44:00,USR022,1,1,0,0,17.1,89.3,Pune,laptop,normal,0.5,0.0,0.5,1,0.10986407941045778,False,NORMAL
2024-01-05 12:07:00,USR026,2,1,0,1,27.68,31.7,Mumbai,laptop,normal,1.0,0.3333333333333333,1.15,1,0.10565583122455913,False,NORMAL
2024-01-31 05:38:00,USR006,2,1,1,1,4.76,457.2,Mumbai,desktop,normal,1.0,0.3333333333333333,1.2999999999999998,1,0.013458795654195943,False,NORMAL
2024-01-19 21:12:00,USR037,1,1,1,0,48.62,310.1,Pune,desktop,normal,0.5,0.0,0.65,1,0.07128588782695333,False,NORMAL
2024-01-13 15:12:00,USR029,2,1,0,1,30.39,201.7,Mumbai,laptop,normal,1.0,0.3333333333333333,1.15,1,0.1282813709028835,False,NORMAL
2024-01-10 16:47:00,USR029,2,1,0,1,13.32,62.0,Mumbai,desktop,normal,1.0,0.3333333333333333,1.15,1,0.12462026732567566,False,NORMAL
2024-01-22 00:56:00,USR037,1,1,1,1,33.67,151.4,Mumbai,desktop,normal,0.5,0.5,0.9999999999999999,1,0.09742507629370523,False,NORMAL
2024-01-11 13:08:00,USR023,2,1,0,0,5.23,244.1,Pune,laptop,normal,1.0,0.0,0.8,1,0.10730702292121663,False,NORMAL
2024-01-01 19:28:00,USR019,2,1,0,1,38.98,349.3,Bangalore,laptop,normal,1.0,0.3333333333333333,1.15,1,0.10661637876041291,False,NORMAL
2024-01-21 01:45:00,USR038,2,1,1,1,42.6,399.6,Mumbai,desktop,normal,1.0,0.3333333333333333,1.2999999999999998,1,0.05359558206764137,False,NORMAL
2024-01-04 16:14:00,USR010,1,1,0,1,48.37,387.2,Pune,laptop,normal,0.5,0.5,0.8499999999999999,1,0.05846653611453401,False,NORMAL
2024-01-14 12:47:00,USR033,2,1,0,1,41.75,470.6,Mumbai,desktop,normal,1.0,0.3333333333333333,1.15,1,0.05193270250717574,False,NORMAL
2024-01-08 22:09:00,USR037,1,1,1,1,39.28,375.4,Mumbai,desktop,normal,0.5,0.5,0.9999999999999999,1,0.07045562291105045,False,NORMAL
2024-01-09 23:16:00,USR013,2,1,1,0,21.15,137.3,Mumbai,laptop,normal,1.0,0.0,0.9500000000000001,1,0.08617117063501373,False,NORMAL
2024-01-27 16:21:00,USR007,1,1,0,1,3.83,274.7,Pune,laptop,normal,0.5,0.5,0.8499999999999999,1,0.10495804336999653,False,NORMAL
2024-01-06 16:27:00,USR001,1,1,0,0,8.28,457.7,Bangalore,desktop,normal,0.5,0.0,0.5,1,0.05455920379417967,False,NORMAL
2024-01-10 14:24:00,USR034,1,1,0,1,14.85,30.9,Mumbai,desktop,normal,0.5,0.5,0.8499999999999999,1,0.09403239972383914,False,NORMAL
2024-01-31 03:08:00,USR039,1,1,1,1,4.17,320.2,Pune,desktop,normal,0.5,0.5,0.9999999999999999,1,0.06955938084889646,False,NORMAL
2024-01-09 07:29:00,USR032,2,1,0,1,34.09,424.0,Bangalore,desktop,normal,1.0,0.3333333333333333,1.15,1,0.08583918335688456,False,NORMAL
2024-01-27 17:35:00,USR022,1,1,0,0,17.68,165.8,Bangalore,laptop,normal,0.5,0.0,0.5,1,0.1271187887863136,False,NORMAL
2024-01-16 19:20:00,USR011,2,1,0,0,36.63,264.8,Mumbai,desktop,normal,1.0,0.0,0.8,1,0.1042874756253514,False,NORMAL
2024-01-15 20:50:00,USR007,1,1,0,1,33.08,150.6,Bangalore,desktop,normal,0.5,0.5,0.8499999999999999,1,0.12818421321750245,False,NORMAL
2024-01-16 07:06:00,USR016,1,1,0,0,33.61,435.8,Bangalore,desktop,normal,0.5,0.0,0.5,1,0.08233346307264033,False,NORMAL
2024-01-26 13:02:00,USR032,1,1,0,0,14.91,465.1,Bangalore,laptop,normal,0.5,0.0,0.5,1,0.05821175479253049,False,NORMAL
2024-01-27 02:01:00,USR037,1,1,1,0,41.85,389.9,Pune,desktop,normal,0.5,0.0,0.65,1,0.06459844770422396,False,NORMAL
2024-01-26 03:01:00,USR011,1,1,1,1,47.27,474.1,Pune,desktop,normal,0.5,0.5,0.9999999999999999,1,0.0023923512064225605,False,NORMAL
2024-01-24 20:50:00,USR029,2,1,0,0,49.85,212.0,Pune,laptop,normal,1.0,0.0,0.8,1,0.07161217292815869,False,NORMAL
2024-01-21 23:26:00,USR027,1,1,1,1,24.77,120.9,Bangalore,laptop,normal,0.5,0.5,0.9999999999999999,1,0.09490491260364958,False,NORMAL
2024-01-19 20:53:00,USR032,2,1,0,1,24.49,44.3,Mumbai,laptop,normal,1.0,0.3333333333333333,1.15,1,0.11933342198467428,False,NORMAL
2024-01-24 17:30:00,USR008,2,1,0,0,38.18,134.6,Bangalore,laptop,normal,1.0,0.0,0.8,1,0.08691077178396833,False,NORMAL
2024-01-09 22:09:00,USR022,1,1,1,1,2.42,305.8,Bangalore,laptop,normal,0.5,0.5,0.9999999999999999,1,0.06918013346008944,False,NORMAL
2024-01-21 16:30:00,USR039,2,1,0,1,26.76,443.7,Bangalore,desktop,normal,1.0,0.3333333333333333,1.15,1,0.07352716003722237,False,NORMAL
2024-01-20 07:17:00,USR050,1,1,1,0,1436.44,71.7,Pune,laptop,anomaly,0.5,0.0,0.65,-1,-0.03748016890061778,True,LOW
2024-01-06 21:37:00,USR034,1,1,1,1,8.32,158.3,Bangalore,laptop,normal,0.5,0.5,0.9999999999999999,1,0.07740404440564519,False,NORMAL
2024-01-25 23:48:00,USR003,2,1,1,0,5.56,122.9,Bangalore,desktop,normal,1.0,0.0,0.9500000000000001,1,0.08554224245066427,False,NORMAL
2024-01-25 02:39:00,USR037,1,1,1,0,9.72,400.6,Mumbai,laptop,normal,0.5,0.0,0.65,1,0.07421416504266087,False,NORMAL
2024-01-17 17:14:00,USR006,2,1,0,0,12.24,284.7,Bangalore,laptop,normal,1.0,0.0,0.8,1,0.10629894786457622,False,NORMAL
2024-01-08 15:39:00,USR029,1,1,0,0,14.82,156.4,Mumbai,laptop,normal,0.5,0.0,0.5,1,0.12526229004348027,False,NORMAL
2024-01-19 06:16:00,USR020,2,1,0,0,16.72,84.9,Bangalore,laptop,normal,1.0,0.0,0.8,1,0.09754700242204978,False,NORMAL
2024-01-14 02:47:00,USR008,1,1,1,1,10.01,99.9,Pune,laptop,normal,0.5,0.5,0.9999999999999999,1,0.07430863575045255,False,NORMAL
2024-01-27 06:43:00,USR034,1,1,0,1,8.56,132.7,Pune,desktop,normal,0.5,0.5,0.8499999999999999,1,0.10918316315547427,False,NORMAL
2024-01-01 22:13:00,USR023,1,1,1,1,0.89,131.0,Mumbai,desktop,normal,0.5,0.5,0.9999999999999999,1,0.057666219588795586,False,NORMAL
2024-01-01 19:03:00,USR004,1,1,0,0,9.99,195.3,Bangalore,laptop,normal,0.5,0.0,0.5,1,0.11965705188178882,False,NORMAL
2024-01-04 15:43:00,USR031,2,1,0,1,31.2,193.8,Mumbai,desktop,normal,1.0,0.3333333333333333,1.15,1,0.12996816890534885,False,NORMAL
2024-01-18 13:17:00,USR035,1,1,0,1,3.7,414.3,Mumbai,desktop,normal,0.5,0.5,0.8499999999999999,1,0.0723553697738365,False,NORMAL
2024-01-06 14:14:00,USR019,2,1,0,0,11.03,68.4,Mumbai,desktop,normal,1.0,0.0,0.8,1,0.08859959617913576,False,NORMAL
2024-01-11 15:29:00,USR015,1,1,0,0,36.73,285.1,Mumbai,laptop,normal,0.5,0.0,0.5,1,0.10047688098633456,False,NORMAL
2024-01-25 12:51:00,USR025,2,1,0,1,43.63,22.1,Mumbai,laptop,normal,1.0,0.3333333333333333,1.15,1,0.09295799782138553,False,NORMAL
2024-01-13 19:41:00,USR034,2,1,0,0,39.35,301.0,Bangalore,desktop,normal,1.0,0.0,0.8,1,0.09360539534109624,False,NORMAL
2024-01-13 20:51:00,USR010,1,1,0,1,39.95,57.2,Mumbai,laptop,normal,0.5,0.5,0.8499999999999999,1,0.1123861927800257,False,NORMAL
2024-01-05 00:14:00,USR028,1,1,1,1,30.16,395.6,Bangalore,desktop,normal,0.5,0.5,0.9999999999999999,1,0.07723601354899645,False,NORMAL
2024-01-30 21:12:00,USR014,2,1,1,0,24.95,302.9,Pune,desktop,normal,1.0,0.0,0.9500000000000001,1,0.092537738109775,False,NORMAL
2024-01-04 09:23:00,USR031,1,1,0,1,20.5,370.3,Bangalore,desktop,normal,0.5,0.5,0.8499999999999999,1,0.11448212860263957,False,NORMAL
2024-01-26 08:49:00,USR011,2,1,0,1,47.93,115.1,Pune,laptop,normal,1.0,0.3333333333333333,1.15,1,0.10413125592468286,False,NORMAL
2024-01-08 19:41:00,USR040,1,1,0,1,48.34,162.5,Pune,laptop,normal,0.5,0.5,0.8499999999999999,1,0.08415565948416903,False,NORMAL
2024-01-03 08:13:00,USR031,2,1,0,1,46.02,90.0,Mumbai,desktop,normal,1.0,0.3333333333333333,1.15,1,0.11255809413748252,False,NORMAL
2024-01-11 09:50:00,USR038,1,1,0,1,15.41,332.0,Mumbai,laptop,normal,0.5,0.5,0.8499999999999999,1,0.11546593051208437,False,NORMAL
2024-01-08 09:35:00,USR004,1,1,0,1,10.36,95.2,Bangalore,desktop,normal,0.5,0.5,0.8499999999999999,1,0.11301223433605512,False,NORMAL
2024-01-13 12:39:00,USR007,1,1,0,0,9.45,218.2,Bangalore,desktop,normal,0.5,0.0,0.5,1,0.1159735535458658,False,NORMAL
2024-01-21 19:42:00,USR033,1,1,0,0,36.39,436.7,Bangalore,desktop,normal,0.5,0.0,0.5,1,0.07969428344665197,False,NORMAL
2024-01-07 16:44:00,USR023,2,1,0,1,22.82,103.3,Pune,desktop,normal,1.0,0.3333333333333333,1.15,1,0.1334672993061839,False,NORMAL
2024-01-26 15:34:00,USR020,1,1,0,1,38.58,339.8,Bangalore,desktop,normal,0.5,0.5,0.8499999999999999,1,0.10812729047049813,False,NORMAL
2024-01-30 04:02:00,USR008,1,1,1,0,18.69,287.2,Mumbai,desktop,normal,0.5,0.0,0.65,1,0.11161310645005518,False,NORMAL
2024-01-07 23:24:00,USR016,1,1,1,0,9.62,214.5,Pune,laptop,normal,0.5,0.0,0.65,1,0.10681967466012082,False,NORMAL
2024-01-31 01:07:00,USR036,1,1,1,1,22.63,113.5,Pune,desktop,normal,0.5,0.5,0.9999999999999999,1,0.0942423827422873,False,NORMAL
2024-01-14 05:22:00,USR002,2,1,1,0,8.23,276.8,Mumbai,laptop,normal,1.0,0.0,0.9500000000000001,1,0.09044065156405079,False,NORMAL
2024-01-12 16:55:00,USR016,2,1,0,0,22.95,69.4,Mumbai,desktop,normal,1.0,0.0,0.8,1,0.09098337249109822,False,NORMAL
2024-01-06 04:05:00,USR002,1,1,1,0,20.9,185.6,Bangalore,desktop,normal,0.5,0.0,0.65,1,0.11203578920712809,False,NORMAL
2024-01-02 14:00:00,USR018,1,1,0,1,26.52,369.3,Mumbai,laptop,normal,0.5,0.5,0.8499999999999999,1,0.11581382407994367,False,NORMAL
2024-01-14 22:09:00,USR021,1,1,1,1,15.78,463.2,Pune,desktop,normal,0.5,0.5,0.9999999999999999,1,0.04241853098770876,False,NORMAL
2024-01-10 09:11:00,USR019,2,1,0,0,23.25,286.1,Pune,laptop,normal,1.0,0.0,0.8,1,0.11180825143586132,False,NORMAL
2024-01-10 18:59:00,USR029,2,1,0,0,40.97,382.9,Pune,desktop,normal,1.0,0.0,0.8,1,0.06362775312508762,False,NORMAL
2024-01-14 01:29:00,USR020,1,1,1,0,2.58,276.6,Pune,laptop,normal,0.5,0.0,0.65,1,0.09239231676616472,False,NORMAL
2024-01-15 15:40:00,USR009,2,1,0,1,18.33,329.4,Pune,laptop,normal,1.0,0.3333333333333333,1.15,1,0.11269081051555424,False,NORMAL
2024-01-19 04:58:00,USR001,2,1,1,0,22.79,324.6,Bangalore,desktop,normal,1.0,0.0,0.9500000000000001,1,0.08321758800152274,False,NORMAL
2024-01-14 14:31:00,USR013,1,1,0,0,44.3,154.9,Pune,desktop,normal,0.5,0.0,0.5,1,0.0825590814660136,False,NORMAL
2024-01-18 22:42:00,USR001,1,1,1,0,13.99,339.3,Mumbai,laptop,normal,0.5,0.0,0.65,1,0.10272598460484023,False,NORMAL
2024-01-18 03:58:00,USR017,2,1,1,1,42.58,228.5,Bangalore,laptop,normal,1.0,0.3333333333333333,1.2999999999999998,1,0.09677103304946028,False,NORMAL
2024-01-24 04:23:00,USR049,17,12,0,16,6.0,22.5,Unknown,unknown,anomaly,1.3076923076923077,0.8888888888888888,13.1,-1,-0.12779713119176261,True,HIGH
2024-01-26 04:21:00,USR046,17,12,0,16,6.0,22.5,Unknown,unknown,anomaly,1.3076923076923077,0.8888888888888888,13.1,-1,-0.12779713119176261,True,HIGH
2024-01-22 19:50:00,USR009,1,1,0,0,11.27,294.0,Pune,desktop,normal,0.5,0.0,0.5,1,0.11282752690834202,False,NORMAL
2024-01-07 08:34:00,USR033,2,1,0,1,9.72,58.5,Mumbai,desktop,normal,1.0,0.3333333333333333,1.15,1,0.11843000401884007,False,NORMAL
2024-01-18 05:44:00,USR010,2,1,1,1,29.86,278.0,Pune,laptop,normal,1.0,0.3333333333333333,1.2999999999999998,1,0.10333774992493683,False,NORMAL
2024-01-21 16:20:00,USR015,1,1,0,1,48.28,377.6,Mumbai,desktop,normal,0.5,0.5,0.8499999999999999,1,0.06045828822752208,False,NORMAL
2024-01-17 05:24:00,USR001,1,1,1,0,28.36,195.4,Mumbai,laptop,normal,0.5,0.0,0.65,1,0.10845172208343473,False,NORMAL
2024-01-24 19:05:00,USR023,1,1,0,0,38.41,66.3,Bangalore,laptop,normal,0.5,0.0,0.5,1,0.07424169794480351,False,NORMAL
2024-01-20 04:56:00,USR036,1,1,1,1,12.22,101.6,Bangalore,laptop,normal,0.5,0.5,0.9999999999999999,1,0.08168095460034319,False,NORMAL
2024-01-02 22:55:00,USR001,2,1,1,0,46.43,164.1,Pune,desktop,normal,1.0,0.0,0.9500000000000001,1,0.050032697474708177,False,NORMAL
2024-01-07 14:40:00,USR003,1,1,0,1,49.8,60.2,Mumbai,laptop,normal,0.5,0.5,0.8499999999999999,1,0.06971690065443759,False,NORMAL
2024-01-30 10:54:00,USR039,1,1,0,0,39.36,120.7,Mumbai,laptop,normal,0.5,0.0,0.5,1,0.0888225873029389,False,NORMAL
2024-01-21 23:11:00,USR033,2,1,1,0,25.03,274.3,Pune,laptop,normal,1.0,0.0,0.9500000000000001,1,0.097108621787165,False,NORMAL
2024-01-15 16:17:00,USR031,2,1,0,1,14.46,277.4,Bangalore,desktop,normal,1.0,0.3333333333333333,1.15,1,0.11228210462592264,False,NORMAL
2024-01-16 21:30:00,USR035,2,1,1,0,27.72,404.4,Bangalore,desktop,normal,1.0,0.0,0.9500000000000001,1,0.04869711463355553,False,NORMAL
2024-01-03 17:32:00,USR024,1,1,0,1,4.47,396.4,Bangalore,desktop,normal,0.5,0.5,0.8499999999999999,1,0.08398672524008455,False,NORMAL
2024-01-21 10:29:00,USR005,1,1,0,1,30.45,36.2,Pune,desktop,normal,0.5,0.5,0.8499999999999999,1,0.10577316933891467,False,NORMAL
2024-01-05 22:49:00,USR002,1,1,1,1,27.76,288.5,Pune,desktop,normal,0.5,0.5,0.9999999999999999,1,0.10884918969918495,False,NORMAL
2024-01-03 00:21:00,USR026,2,1,1,0,2.56,230.7,Pune,desktop,normal,1.0,0.0,0.9500000000000001,1,0.09091429110455179,False,NORMAL
2024-01-11 05:12:00,USR013,2,1,1,0,31.45,434.1,Bangalore,laptop,normal,1.0,0.0,0.9500000000000001,1,0.03692491243100493,False,NORMAL
2024-01-07 02:40:00,USR006,2,1,1,0,2.23,224.0,Mumbai,desktop,normal,1.0,0.0,0.9500000000000001,1,0.08874121076688019,False,NORMAL
2024-01-22 02:44:00,USR023,1,1,1,1,10.97,209.1,Mumbai,desktop,normal,0.5,0.5,0.9999999999999999,1,0.09032231439302968,False,NORMAL
2024-01-03 14:11:00,USR019,2,1,0,1,5.27,246.0,Mumbai,desktop,normal,1.0,0.3333333333333333,1.15,1,0.0913404076220618,False,NORMAL
2024-01-15 11:33:00,USR028,1,1,0,0,42.58,427.9,Mumbai,laptop,normal,0.5,0.0,0.5,1,0.0643995212741626,False,NORMAL
2024-01-18 16:22:00,USR010,1,1,0,0,20.8,162.2,Pune,desktop,normal,0.5,0.0,0.5,1,0.12473573892330575,False,NORMAL
2024-01-01 18:43:00,USR011,2,1,0,1,43.48,40.6,Pune,desktop,normal,1.0,0.3333333333333333,1.15,1,0.10957186402225316,False,NORMAL
2024-01-17 06:16:00,USR030,2,1,0,1,12.65,62.3,Mumbai,desktop,normal,1.0,0.3333333333333333,1.15,1,0.1234318858663162,False,NORMAL
2024-01-18 23:34:00,USR021,2,1,1,0,4.67,452.9,Pune,desktop,normal,1.0,0.0,0.9500000000000001,1,0.01207981074993758,False,NORMAL
2024-01-31 04:20:00,USR035,2,1,1,1,2.8,251.3,Bangalore,desktop,normal,1.0,0.3333333333333333,1.2999999999999998,1,0.06257032718641975,False,NORMAL
2024-01-27 07:32:00,USR035,1,1,0,0,16.47,252.2,Mumbai,laptop,normal,0.5,0.0,0.5,1,0.12055297628508721,False,NORMAL
2024-01-13 17:53:00,USR004,1,1,0,1,18.23,385.5,Bangalore,laptop,normal,0.5,0.5,0.8499999999999999,1,0.10940853758825769,False,NORMAL
2024-01-02 05:56:00,USR010,1,1,1,0,42.34,413.8,Mumbai,desktop,normal,0.5,0.0,0.65,1,0.056353430900316415,False,NORMAL
2024-01-31 02:35:00,USR026,1,1,1,0,15.55,183.9,Pune,laptop,normal,0.5,0.0,0.65,1,0.10642111881279731,False,NORMAL
2024-01-24 08:41:00,USR006,1,1,0,0,29.79,325.7,Mumbai,desktop,normal,0.5,0.0,0.5,1,0.10958837796204601,False,NORMAL
2024-01-21 08:32:00,USR029,1,1,0,1,39.71,460.9,Bangalore,laptop,normal,0.5,0.5,0.8499999999999999,1,0.04703843801871732,False,NORMAL
2024-01-13 22:52:00,USR023,2,1,1,1,46.97,59.8,Pune,laptop,normal,1.0,0.3333333333333333,1.2999999999999998,1,0.05786516927211216,False,NORMAL
2024-01-15 18:05:00,USR007,2,1,0,0,6.97,141.3,Pune,laptop,normal,1.0,0.0,0.8,1,0.10525071810867376,False,NORMAL
2024-01-12 21:05:00,USR019,2,1,1,0,0.49,359.8,Mumbai,laptop,normal,1.0,0.0,0.9500000000000001,1,0.04024875543589912,False,NORMAL
2024-01-10 08:05:00,USR007,1,1,0,0,8.62,143.6,Mumbai,desktop,normal,0.5,0.0,0.5,1,0.11624180295722314,False,NORMAL
2024-01-24 07:21:00,USR019,2,1,0,1,35.12,44.2,Bangalore,laptop,normal,1.0,0.3333333333333333,1.15,1,0.11254477201225183,False,NORMAL
2024-01-24 20:32:00,USR014,2,1,0,1,26.32,154.0,Mumbai,desktop,normal,1.0,0.3333333333333333,1.15,1,0.13700818293184286,False,NORMAL
2024-01-05 19:37:00,USR029,1,1,0,1,0.87,73.5,Bangalore,laptop,normal,0.5,0.5,0.8499999999999999,1,0.07595055322422295,False,NORMAL
2024-01-20 10:27:00,USR017,1,1,0,1,1.07,261.2,Pune,laptop,normal,0.5,0.5,0.8499999999999999,1,0.09245348364140893,False,NORMAL
2024-01-28 19:37:00,USR024,2,1,0,1,37.89,385.9,Mumbai,laptop,normal,1.0,0.3333333333333333,1.15,1,0.0975882168883695,False,NORMAL
2024-01-29 15:45:00,USR045,17,12,0,16,6.0,22.5,Unknown,unknown,anomaly,1.3076923076923077,0.8888888888888888,13.1,-1,-0.12779713119176261,True,HIGH
2024-01-11 05:39:00,USR037,2,1,1,1,46.77,476.0,Mumbai,laptop,normal,1.0,0.3333333333333333,1.2999999999999998,1,0.003817343574376464,False,NORMAL
2024-01-22 09:29:00,USR031,1,1,0,0,3.25,373.7,Pune,laptop,normal,0.5,0.0,0.5,1,0.07365173759242716,False,NORMAL
2024-01-21 09:24:00,USR040,2,1,0,1,44.87,358.2,Pune,desktop,normal,1.0,0.3333333333333333,1.15,1,0.0895456390941447,False,NORMAL
2024-01-10 08:20:00,USR045,1,1,1,0,1436.44,71.7,Pune,laptop,anomaly,0.5,0.0,0.65,-1,-0.03748016890061778,True,LOW
2024-01-30 17:06:00,USR015,1,1,0,1,32.61,248.8,Bangalore,laptop,normal,0.5,0.5,0.8499999999999999,1,0.12223234273596534,False,NORMAL
2024-01-06 19:49:00,USR018,2,1,0,0,7.13,29.0,Pune,desktop,normal,1.0,0.0,0.8,1,0.06828536663757101,False,NORMAL
2024-01-29 09:41:00,USR019,1,1,0,0,4.19,78.3,Bangalore,laptop,normal,0.5,0.0,0.5,1,0.08938697522899075,False,NORMAL
2024-01-12 00:45:00,USR020,1,1,1,0,20.74,135.7,Bangalore,laptop,normal,0.5,0.0,0.65,1,0.09641681860126888,False,NORMAL
2024-01-02 04:05:00,USR022,2,1,1,1,14.09,238.5,Bangalore,laptop,normal,1.0,0.3333333333333333,1.2999999999999998,1,0.09942180108850729,False,NORMAL
2024-01-12 07:25:00,USR031,2,1,0,0,4.81,318.0,Pune,desktop,normal,1.0,0.0,0.8,1,0.09252505735601052,False,NORMAL
2024-01-25 02:51:00,USR021,2,1,1,1,7.55,183.8,Bangalore,desktop,normal,1.0,0.3333333333333333,1.2999999999999998,1,0.08422892880426225,False,NORMAL
2024-01-17 12:56:00,USR027,2,1,0,0,2.07,240.8,Mumbai,desktop,normal,1.0,0.0,0.8,1,0.09767233157379906,False,NORMAL
2024-01-18 07:25:00,USR028,1,1,0,0,26.61,273.8,Mumbai,laptop,normal,0.5,0.0,0.5,1,0.1114204684908281,False,NORMAL
2024-01-21 09:11:00,USR017,2,1,0,0,10.18,260.8,Bangalore,desktop,normal,1.0,0.0,0.8,1,0.10908926716522482,False,NORMAL
2024-01-17 13:34:00,USR033,2,1,0,0,42.05,421.3,Mumbai,desktop,normal,1.0,0.0,0.8,1,0.048713863270714586,False,NORMAL
2024-01-07 02:32:00,USR007,2,1,1,1,39.77,166.1,Pune,laptop,normal,1.0,0.3333333333333333,1.2999999999999998,1,0.09498872138553321,False,NORMAL
2024-01-22 14:23:00,USR029,1,1,0,0,1.05,107.4,Mumbai,desktop,normal,0.5,0.0,0.5,1,0.08643991136504792,False,NORMAL
2024-01-29 23:23:00,USR019,1,1,1,0,21.76,51.8,Bangalore,laptop,normal,0.5,0.0,0.65,1,0.07796731593445683,False,NORMAL
2024-01-30 01:17:00,USR032,1,1,1,1,18.87,392.8,Pune,desktop,normal,0.5,0.5,0.9999999999999999,1,0.07530331872406693,False,NORMAL
2024-01-24 21:14:00,USR030,1,1,1,0,16.47,296.2,Mumbai,desktop,normal,0.5,0.0,0.65,1,0.11126534904820978,False,NORMAL
2024-01-23 10:32:00,USR014,2,1,0,1,17.08,423.2,Bangalore,desktop,normal,1.0,0.3333333333333333,1.15,1,0.07783152077798927,False,NORMAL
2024-01-25 17:52:00,USR035,1,1,0,1,11.05,212.0,Mumbai,desktop,normal,0.5,0.5,0.8499999999999999,1,0.1291385739039737,False,NORMAL
2024-01-06 22:07:00,USR020,2,1,1,1,16.38,336.2,Bangalore,laptop,normal,1.0,0.3333333333333333,1.2999999999999998,1,0.0833286579974416,False,NORMAL
2024-01-22 05:20:00,USR011,2,1,1,0,7.08,264.6,Mumbai,laptop,normal,1.0,0.0,0.9500000000000001,1,0.09477139424811182,False,NORMAL
2024-01-03 10:52:00,USR003,1,1,0,1,0.91,446.5,Mumbai,desktop,normal,0.5,0.5,0.8499999999999999,1,0.039587429314731026,False,NORMAL
2024-01-06 22:43:00,USR020,1,1,1,0,29.63,280.8,Mumbai,desktop,normal,0.5,0.0,0.65,1,0.10381380136021245,False,NORMAL
2024-01-29 14:15:00,USR039,1,1,0,1,41.55,54.8,Bangalore,laptop,normal,0.5,0.5,0.8499999999999999,1,0.10847029318348417,False,NORMAL
2024-01-15 03:20:00,USR015,1,1,1,0,33.04,194.3,Pune,laptop,normal,0.5,0.0,0.65,1,0.10349930812965852,False,NORMAL
2024-01-27 20:24:00,USR007,1,1,0,1,28.12,287.0,Pune,desktop,normal,0.5,0.5,0.8499999999999999,1,0.1229875633623097,False,NORMAL
2024-01-14 05:44:00,USR004,1,1,1,0,26.8,348.5,Mumbai,laptop,normal,0.5,0.0,0.65,1,0.09629832179011183,False,NORMAL
2024-01-04 13:29:00,USR013,1,1,0,1,10.52,435.8,Pune,laptop,normal,0.5,0.5,0.8499999999999999,1,0.08013707808402559,False,NORMAL
2024-01-07 21:23:00,USR005,1,1,1,1,13.87,147.4,Mumbai,desktop,normal,0.5,0.5,0.9999999999999999,1,0.0913860514950296,False,NORMAL
2024-01-16 13:50:00,USR040,1,1,0,1,7.8,90.9,Bangalore,laptop,normal,0.5,0.5,0.8499999999999999,1,0.09920130101874275,False,NORMAL
2024-01-06 04:04:00,USR031,1,1,1,1,49.42,309.3,Pune,desktop,normal,0.5,0.5,0.9999999999999999,1,0.05201475183535931,False,NORMAL
2024-01-16 00:18:00,USR037,1,1,1,0,7.86,363.4,Mumbai,laptop,normal,0.5,0.0,0.65,1,0.08538298575008746,False,NORMAL
2024-01-26 13:04:00,USR001,1,1,0,0,12.14,198.1,Bangalore,laptop,normal,0.5,0.0,0.5,1,0.12262595414852928,False,NORMAL
2024-01-26 18:43:00,USR040,1,1,0,1,1.54,134.8,Pune,desktop,normal,0.5,0.5,0.8499999999999999,1,0.09562348339337007,False,NORMAL
2024-01-18 14:02:00,USR039,2,1,0,1,25.33,209.3,Bangalore,laptop,normal,1.0,0.3333333333333333,1.15,1,0.13009915918182802,False,NORMAL
2024-01-19 08:34:00,USR046,43,6,1,42,0.76,8.0,Unknown,unknown,anomaly,6.142857142857143,0.9545454545454546,28.95,-1,-0.16205097949384883,True,CRITICAL
2024-01-12 00:11:00,USR011,2,1,1,1,24.12,415.7,Mumbai,laptop,normal,1.0,0.3333333333333333,1.2999999999999998,1,0.06678291737547137,False,NORMAL
2024-01-13 11:18:00,USR021,2,1,0,1,27.41,67.0,Pune,desktop,normal,1.0,0.3333333333333333,1.15,1,0.1260549291401587,False,NORMAL
2024-01-15 15:13:00,USR008,2,1,0,0,5.22,200.9,Bangalore,laptop,normal,1.0,0.0,0.8,1,0.10831145944653858,False,NORMAL
2024-01-15 04:27:00,USR038,2,1,1,1,27.72,168.3,Bangalore,desktop,normal,1.0,0.3333333333333333,1.2999999999999998,1,0.10524078790360708,False,NORMAL
2024-01-21 12:54:00,USR024,2,1,0,1,38.64,284.6,Bangalore,laptop,normal,1.0,0.3333333333333333,1.15,1,0.11345560743974353,False,NORMAL
2024-01-13 02:49:00,USR014,2,1,1,0,13.35,67.2,Bangalore,desktop,normal,1.0,0.0,0.9500000000000001,1,0.06931350476457443,False,NORMAL
2024-01-17 19:28:00,USR024,2,1,0,1,20.5,165.7,Bangalore,laptop,normal,1.0,0.3333333333333333,1.15,1,0.13502164742689227,False,NORMAL
2024-01-26 14:50:00,USR016,1,1,0,1,6.75,225.7,Bangalore,desktop,normal,0.5,0.5,0.8499999999999999,1,0.11343943821717833,False,NORMAL
2024-01-12 00:22:00,USR038,2,1,1,1,45.71,18.4,Bangalore,desktop,normal,1.0,0.3333333333333333,1.2999999999999998,1,0.0363496841736628,False,NORMAL
2024-01-06 02:49:00,USR017,1,1,1,0,6.13,409.8,Mumbai,desktop,normal,0.5,0.0,0.65,1,0.0662056097147452,False,NORMAL
2024-01-25 14:55:00,USR031,1,1,0,1,15.01,192.5,Bangalore,laptop,normal,0.5,0.5,0.8499999999999999,1,0.12825704360415252,False,NORMAL
2024-01-29 07:22:00,USR020,2,1,0,1,35.47,147.4,Mumbai,desktop,normal,1.0,0.3333333333333333,1.15,1,0.12785117689359343,False,NORMAL
2024-01-18 17:15:00,USR009,1,1,0,1,2.78,212.6,Mumbai,desktop,normal,0.5,0.5,0.8499999999999999,1,0.10925310290048434,False,NORMAL
2024-01-10 08:46:00,USR022,2,1,0,1,7.25,414.6,Mumbai,laptop,normal,1.0,0.3333333333333333,1.15,1,0.06097233500547494,False,NORMAL
2024-01-05 16:36:00,USR031,1,1,0,1,36.29,270.5,Mumbai,desktop,normal,0.5,0.5,0.8499999999999999,1,0.11591880315857023,False,NORMAL
2024-01-13 20:31:00,USR006,1,1,0,1,38.97,333.0,Bangalore,desktop,normal,0.5,0.5,0.8499999999999999,1,0.10770327281202124,False,NORMAL
2024-01-09 15:49:00,USR009,2,1,0,1,46.8,8.2,Pune,laptop,normal,1.0,0.3333333333333333,1.15,1,0.06901908230742149,False,NORMAL
2024-01-12 13:10:00,USR011,2,1,0,1,9.57,80.7,Bangalore,desktop,normal,1.0,0.3333333333333333,1.15,1,0.11945028725346574,False,NORMAL
2024-01-04 14:18:00,USR025,2,1,0,1,41.28,301.0,Bangalore,laptop,normal,1.0,0.3333333333333333,1.15,1,0.10866703069011358,False,NORMAL
2024-01-07 14:01:00,USR020,1,1,0,1,32.97,344.7,Pune,laptop,normal,0.5,0.5,0.8499999999999999,1,0.1155207420209341,False,NORMAL
2024-01-07 04:42:00,USR031,2,1,1,0,44.39,214.3,Mumbai,desktop,normal,1.0,0.0,0.9500000000000001,1,0.06131695357901701,False,NORMAL
2024-01-02 17:11:00,USR027,1,1,0,0,10.38,52.9,Mumbai,desktop,normal,0.5,0.0,0.5,1,0.08255866302963627,False,NORMAL
2024-01-30 05:38:00,USR046,43,6,1,42,0.76,8.0,Unknown,unknown,anomaly,6.142857142857143,0.9545454545454546,28.95,-1,-0.16205097949384883,True,CRITICAL
2024-01-30 20:04:00,USR043,1,1,1,0,1436.44,71.7,Pune,laptop,anomaly,0.5,0.0,0.65,-1,-0.03748016890061778,True,LOW
2024-01-22 22:05:00,USR007,2,1,1,1,16.01,147.6,Bangalore,laptop,normal,1.0,0.3333333333333333,1.2999999999999998,1,0.09312831029217128,False,NORMAL
2024-01-12 20:39:00,USR007,1,1,0,0,37.06,6.2,Mumbai,laptop,normal,0.5,0.0,0.5,1,0.04216894397994042,False,NORMAL
2024-01-04 08:14:00,USR010,1,1,0,0,25.34,182.3,Bangalore,desktop,normal,0.5,0.0,0.5,1,0.12045269693701793,False,NORMAL
2024-01-26 21:37:00,USR003,1,1,1,0,2.37,309.7,Bangalore,desktop,normal,0.5,0.0,0.65,1,0.09078485272855469,False,NORMAL
2024-01-23 09:08:00,USR013,1,1,0,0,7.83,145.5,Mumbai,laptop,normal,0.5,0.0,0.5,1,0.1137509466911395,False,NORMAL
2024-01-11 22:07:00,USR018,2,1,1,1,44.66,43.3,Mumbai,laptop,normal,1.0,0.3333333333333333,1.2999999999999998,1,0.055595077379927416,False,NORMAL
2024-01-16 07:48:00,USR008,2,1,0,1,39.86,349.5,Bangalore,laptop,normal,1.0,0.3333333333333333,1.15,1,0.10558561495696273,False,NORMAL
2024-01-13 05:42:00,USR015,2,1,1,0,7.64,335.8,Mumbai,laptop,normal,1.0,0.0,0.9500000000000001,1,0.07101238304461222,False,NORMAL
2024-01-02 10:18:00,USR012,2,1,0,1,45.69,60.9,Pune,desktop,normal,1.0,0.3333333333333333,1.15,1,0.10820834438617954,False,NORMAL
2024-01-25 06:24:00,USR021,2,1,0,1,29.39,170.3,Pune,laptop,normal,1.0,0.3333333333333333,1.15,1,0.13539835337372702,False,NORMAL
2024-01-21 17:17:00,USR024,1,1,0,0,2.67,184.2,Bangalore,laptop,normal,0.5,0.0,0.5,1,0.10787296078015174,False,NORMAL
2024-01-18 14:33:00,USR037,2,1,0,1,49.64,145.2,Bangalore,desktop,normal,1.0,0.3333333333333333,1.15,1,0.09288251455278262,False,NORMAL
2024-01-12 02:33:00,USR009,2,1,1,0,28.24,108.5,Bangalore,desktop,normal,1.0,0.0,0.9500000000000001,1,0.08024647792896122,False,NORMAL
2024-01-15 18:59:00,USR011,1,1,0,1,22.39,131.0,Mumbai,laptop,normal,0.5,0.5,0.8499999999999999,1,0.11826857900463728,False,NORMAL
2024-01-06 18:10:00,USR016,1,1,0,0,16.97,284.4,Mumbai,laptop,normal,0.5,0.0,0.5,1,0.11326103918683778,False,NORMAL
2024-01-20 23:40:00,USR009,2,1,1,1,18.03,94.5,Pune,laptop,normal,1.0,0.3333333333333333,1.2999999999999998,1,0.08525342976749961,False,NORMAL
2024-01-26 10:39:00,USR044,43,6,1,42,0.76,8.0,Unknown,unknown,anomaly,6.142857142857143,0.9545454545454546,28.95,-1,-0.16205097949384883,True,CRITICAL
2024-01-19 04:22:00,USR038,1,1,1,0,32.17,69.5,Pune,laptop,normal,0.5,0.0,0.65,1,0.07704936303871968,False,NORMAL
2024-01-27 23:01:00,USR036,2,1,1,1,8.26,429.9,Bangalore,laptop,normal,1.0,0.3333333333333333,1.2999999999999998,1,0.04431083770989874,False,NORMAL
2024-01-11 16:02:00,USR037,1,1,0,1,28.85,367.5,Mumbai,desktop,normal,0.5,0.5,0.8499999999999999,1,0.11615569098557432,False,NORMAL
2024-01-16 23:14:00,USR026,1,1,1,1,25.8,55.4,Mumbai,desktop,normal,0.5,0.5,0.9999999999999999,1,0.07117247906315749,False,NORMAL
2024-01-15 01:54:00,USR019,1,1,1,1,39.31,293.2,Pune,desktop,normal,0.5,0.5,0.9999999999999999,1,0.0879087281029794,False,NORMAL
2024-01-13 03:41:00,USR024,2,1,1,1,5.02,471.1,Pune,desktop,normal,1.0,0.3333333333333333,1.2999999999999998,1,0.004547166614695564,False,NORMAL
2024-01-15 19:04:00,USR009,1,1,0,1,49.87,128.2,Pune,desktop,normal,0.5,0.5,0.8499999999999999,1,0.07349334508162886,False,NORMAL
2024-01-24 14:50:00,USR004,2,1,0,1,41.02,87.6,Pune,desktop,normal,1.0,0.3333333333333333,1.15,1,0.12372373018878757,False,NORMAL
2024-01-13 19:44:00,USR027,2,1,0,1,41.05,139.3,Pune,desktop,normal,1.0,0.3333333333333333,1.15,1,0.12489244433031799,False,NORMAL
2024-01-18 19:29:00,USR008,1,1,0,1,31.94,38.7,Mumbai,desktop,normal,0.5,0.5,0.8499999999999999,1,0.10653299550294953,False,NORMAL
2024-01-24 04:37:00,USR047,43,6,1,42,0.76,8.0,Unknown,unknown,anomaly,6.142857142857143,0.9545454545454546,28.95,-1,-0.16205097949384883,True,CRITICAL
2024-01-30 20:07:00,USR005,1,1,0,0,47.49,99.7,Mumbai,laptop,normal,0.5,0.0,0.5,1,0.0619422320907258,False,NORMAL
2024-01-12 09:02:00,USR006,2,1,0,0,22.72,294.2,Pune,laptop,normal,1.0,0.0,0.8,1,0.10899798796462273,False,NORMAL
2024-01-10 11:52:00,USR024,2,1,0,1,2.38,415.4,Bangalore,laptop,normal,1.0,0.3333333333333333,1.15,1,0.044346412690053905,False,NORMAL
2024-01-28 08:47:00,USR006,2,1,0,1,4.0,273.0,Mumbai,laptop,normal,1.0,0.3333333333333333,1.15,1,0.0875933617277268,False,NORMAL
2024-01-06 16:56:00,USR037,1,1,0,0,31.01,204.1,Bangalore,desktop,normal,0.5,0.0,0.5,1,0.11486599177437601,False,NORMAL
2024-01-14 13:02:00,USR003,2,1,0,0,26.93,84.9,Pune,desktop,normal,1.0,0.0,0.8,1,0.09611674858507446,False,NORMAL
2024-01-05 11:48:00,USR015,1,1,0,1,47.36,312.7,Mumbai,desktop,normal,0.5,0.5,0.8499999999999999,1,0.07563241427179368,False,NORMAL
2024-01-01 07:57:00,USR037,2,1,0,0,9.19,156.2,Bangalore,laptop,normal,1.0,0.0,0.8,1,0.10761308034075079,False,NORMAL
2024-01-22 03:20:00,USR037,1,1,1,0,15.07,398.3,Mumbai,laptop,normal,0.5,0.0,0.65,1,0.0803042752692773,False,NORMAL
2024-01-10 08:07:00,USR039,1,1,0,1,2.7,233.3,Pune,laptop,normal,0.5,0.5,0.8499999999999999,1,0.1053992586655571,False,NORMAL
2024-01-22 00:38:00,USR001,2,1,1,0,49.79,437.0,Bangalore,desktop,normal,1.0,0.0,0.9500000000000001,1,0.004440319833619366,False,NORMAL
2024-01-20 05:59:00,USR049,1,1,1,0,1436.44,71.7,Pune,laptop,anomaly,0.5,0.0,0.65,-1,-0.03748016890061778,True,LOW
2024-01-11 10:56:00,USR007,2,1,0,1,5.83,137.3,Mumbai,desktop,normal,1.0,0.3333333333333333,1.15,1,0.10372531917334332,False,NORMAL
2024-01-09 17:35:00,USR028,2,1,0,0,36.9,424.5,Pune,desktop,normal,1.0,0.0,0.8,1,0.04884888134257881,False,NORMAL
2024-01-24 13:33:00,USR045,1,1,1,0,1436.44,71.7,Pune,laptop,anomaly,0.5,0.0,0.65,-1,-0.03748016890061778,True,LOW
2024-01-10 19:14:00,USR038,2,1,0,1,8.38,71.1,Mumbai,laptop,normal,1.0,0.3333333333333333,1.15,1,0.11165562523149497,False,NORMAL
2024-01-27 18:57:00,USR032,1,1,0,1,40.45,220.4,Bangalore,desktop,normal,0.5,0.5,0.8499999999999999,1,0.11174547878240054,False,NORMAL
2024-01-18 00:55:00,USR011,1,1,1,0,48.24,56.3,Mumbai,desktop,normal,0.5,0.0,0.65,1,0.0551334208892873,False,NORMAL
2024-01-08 07:44:00,USR007,1,1,0,1,23.36,198.1,Bangalore,desktop,normal,0.5,0.5,0.8499999999999999,1,0.1270173493108006,False,NORMAL
2024-01-03 12:55:00,USR017,2,1,0,1,10.66,160.3,Pune,desktop,normal,1.0,0.3333333333333333,1.15,1,0.12422452147519986,False,NORMAL
2024-01-20 04:24:00,USR038,2,1,1,1,9.14,185.4,Pune,laptop,normal,1.0,0.3333333333333333,1.2999999999999998,1,0.08986969963031965,False,NORMAL
2024-01-14 12:08:00,USR028,1,1,0,1,12.1,202.9,Bangalore,laptop,normal,0.5,0.5,0.8499999999999999,1,0.12936840263430882,False,NORMAL
2024-01-22 20:10:00,USR010,1,1,0,0,15.13,319.3,Bangalore,desktop,normal,0.5,0.0,0.5,1,0.11002666867340205,False,NORMAL
2024-01-04 17:58:00,USR037,1,1,0,1,19.96,313.5,Mumbai,laptop,normal,0.5,0.5,0.8499999999999999,1,0.11978811971520631,False,NORMAL
2024-01-18 14:00:00,USR043,17,12,0,16,6.0,22.5,Unknown,unknown,anomaly,1.3076923076923077,0.8888888888888888,13.1,-1,-0.12779713119176261,True,HIGH
2024-01-02 16:00:00,USR010,2,1,0,0,6.4,117.1,Bangalore,desktop,normal,1.0,0.0,0.8,1,0.10135299053018426,False,NORMAL
2024-01-19 07:02:00,USR033,2,1,0,0,19.37,43.8,Mumbai,laptop,normal,1.0,0.0,0.8,1,0.08074586246287674,False,NORMAL
2024-01-08 05:06:00,USR028,1,1,1,1,30.83,441.8,Pune,desktop,normal,0.5,0.5,0.9999999999999999,1,0.057420002357494226,False,NORMAL
2024-01-16 13:08:00,USR026,1,1,0,1,45.99,470.8,Bangalore,laptop,normal,0.5,0.5,0.8499999999999999,1,0.025475653050315183,False,NORMAL
2024-01-19 00:46:00,USR038,1,1,1,1,34.96,351.7,Mumbai,laptop,normal,0.5,0.5,0.9999999999999999,1,0.08648497793130322,False,NORMAL
2024-01-09 05:41:00,USR040,2,1,1,1,25.81,46.2,Bangalore,laptop,normal,1.0,0.3333333333333333,1.2999999999999998,1,0.07703167185323534,False,NORMAL
2024-01-28 10:56:00,USR004,1,1,0,0,20.17,116.3,Mumbai,laptop,normal,0.5,0.0,0.5,1,0.11215301897226199,False,NORMAL
2024-01-30 05:53:00,USR017,1,1,1,1,27.63,208.2,Mumbai,laptop,normal,0.5,0.5,0.9999999999999999,1,0.10638054057013785,False,NORMAL
2024-01-29 10:33:00,USR004,2,1,0,0,24.28,97.7,Pune,desktop,normal,1.0,0.0,0.8,1,0.10147575969980249,False,NORMAL
2024-01-20 22:47:00,USR016,2,1,1,1,33.22,309.7,Mumbai,laptop,normal,1.0,0.3333333333333333,1.2999999999999998,1,0.0946557132361619,False,NORMAL
2024-01-25 04:57:00,USR006,2,1,1,1,1.01,151.7,Mumbai,desktop,normal,1.0,0.3333333333333333,1.2999999999999998,1,0.05271734414845053,False,NORMAL
2024-01-11 16:57:00,USR014,2,1,0,1,2.42,40.3,Pune,laptop,normal,1.0,0.3333333333333333,1.15,1,0.07940939606736308,False,NORMAL
2024-01-17 22:24:00,USR003,2,1,1,1,38.59,301.0,Bangalore,laptop,normal,1.0,0.3333333333333333,1.2999999999999998,1,0.09546911527156204,False,NORMAL
2024-01-11 00:22:00,USR040,2,1,1,1,10.09,69.5,Mumbai,desktop,normal,1.0,0.3333333333333333,1.2999999999999998,1,0.06871230727371336,False,NORMAL
2024-01-30 08:14:00,USR032,2,1,0,0,35.39,271.9,Bangalore,desktop,normal,1.0,0.0,0.8,1,0.10330660348713644,False,NORMAL
2024-01-06 10:23:00,USR037,1,1,0,0,34.12,266.3,Bangalore,desktop,normal,0.5,0.0,0.5,1,0.10434086285231264,False,NORMAL
2024-01-11 14:59:00,USR009,2,1,0,1,38.72,157.4,Bangalore,desktop,normal,1.0,0.3333333333333333,1.15,1,0.12891153264824906,False,NORMAL
2024-01-13 21:04:00,USR006,2,1,1,0,25.61,101.5,Mumbai,desktop,normal,1.0,0.0,0.9500000000000001,1,0.08067336172539297,False,NORMAL
2024-01-12 05:12:00,USR015,2,1,1,0,40.31,439.5,Bangalore,desktop,normal,1.0,0.0,0.9500000000000001,1,0.025957099046976184,False,NORMAL
2024-01-25 16:25:00,USR012,2,1,0,1,9.93,59.1,Bangalore,desktop,normal,1.0,0.3333333333333333,1.15,1,0.12032138553462735,False,NORMAL
2024-01-12 00:04:00,USR007,1,1,1,1,9.94,291.1,Bangalore,laptop,normal,0.5,0.5,0.9999999999999999,1,0.08813904662578925,False,NORMAL
2024-01-19 09:31:00,USR027,1,1,0,1,21.4,320.9,Pune,laptop,normal,0.5,0.5,0.8499999999999999,1,0.11841059637897033,False,NORMAL
2024-01-29 19:05:00,USR021,1,1,0,1,3.51,215.0,Pune,desktop,normal,0.5,0.5,0.8499999999999999,1,0.11031139886130942,False,NORMAL
2024-01-05 11:36:00,USR003,1,1,0,1,35.07,181.9,Bangalore,laptop,normal,0.5,0.5,0.8499999999999999,1,0.12526278054383677,False,NORMAL
2024-01-21 10:36:00,USR011,2,1,0,0,2.39,383.2,Pune,desktop,normal,1.0,0.0,0.8,1,0.05178304813334822,False,NORMAL
2024-01-13 18:21:00,USR018,2,1,0,0,1.83,299.1,Mumbai,desktop,normal,1.0,0.0,0.8,1,0.09042290299812039,False,NORMAL
2024-01-23 07:26:00,USR008,1,1,0,0,35.52,152.6,Mumbai,desktop,normal,0.5,0.0,0.5,1,0.1069882169549502,False,NORMAL
2024-01-31 01:24:00,USR021,1,1,1,0,48.9,323.2,Pune,laptop,normal,0.5,0.0,0.65,1,0.06969386382664289,False,NORMAL
2024-01-03 14:33:00,USR026,2,1,0,0,21.52,48.3,Mumbai,laptop,normal,1.0,0.0,0.8,1,0.08412350744648583,False,NORMAL
2024-01-10 07:25:00,USR039,2,1,0,0,2.36,70.1,Pune,desktop,normal,1.0,0.0,0.8,1,0.07964899061599384,False,NORMAL
2024-01-21 20:17:00,USR008,1,1,0,0,0.21,173.7,Bangalore,desktop,normal,0.5,0.0,0.5,1,0.09298230331789387,False,NORMAL
2024-01-04 08:56:00,USR036,1,1,0,0,40.67,115.7,Mumbai,laptop,normal,0.5,0.0,0.5,1,0.08435824219879084,False,NORMAL
2024-01-08 13:47:00,USR045,17,12,0,16,6.0,22.5,Unknown,unknown,anomaly,1.3076923076923077,0.8888888888888888,13.1,-1,-0.12779713119176261,True,HIGH
2024-01-12 16:17:00,USR004,1,1,0,1,41.48,25.9,Pune,laptop,normal,0.5,0.5,0.8499999999999999,1,0.09093194407708072,False,NORMAL
2024-01-17 17:33:00,USR025,1,1,0,0,33.99,455.7,Pune,desktop,normal,0.5,0.0,0.5,1,0.06238786295956644,False,NORMAL
2024-01-08 03:43:00,USR010,2,1,1,0,49.7,61.3,Pune,laptop,normal,1.0,0.0,0.9500000000000001,1,0.029092288363968266,False,NORMAL
2024-01-13 17:48:00,USR001,1,1,0,1,41.66,433.9,Mumbai,desktop,normal,0.5,0.5,0.8499999999999999,1,0.05729683916199735,False,NORMAL
2024-01-23 10:52:00,USR002,1,1,0,1,0.69,256.5,Pune,desktop,normal,0.5,0.5,0.8499999999999999,1,0.09139565994677279,False,NORMAL
2024-01-20 18:56:00,USR018,1,1,0,1,35.64,278.9,Mumbai,desktop,normal,0.5,0.5,0.8499999999999999,1,0.1175283357186469,False,NORMAL
2024-01-23 10:34:00,USR022,1,1,0,1,31.76,7.2,Pune,laptop,normal,0.5,0.5,0.8499999999999999,1,0.07885327330064129,False,NORMAL
2024-01-30 06:45:00,USR017,2,1,0,1,33.38,432.0,Pune,desktop,normal,1.0,0.3333333333333333,1.15,1,0.0804472317975552,False,NORMAL
